id,name,email,role,status
1,Aisha Rahman,aisha.rahman@example.com,Admin,Active
2,Ben Tan,ben.tan@example.com,Editor,Active
3,Chen Garcia,chen.garcia@example.com,Viewer,Active
4,Diego Smith,diego.smith@example.com,Manager,Pending
5,Elena Kowalski,elena.kowalski@example.com,Support,Active
6,Farid Nguyen,farid.nguyen@example.com,Admin,Active
7,Grace Okafor,grace.okafor@example.com,Editor,Active
8,Hiro Silva,hiro.silva@example.com,Viewer,Pending
9,Isabel Lim,isabel.lim@example.com,Manager,Active
10,Jamal Patel,jamal.patel@example.com,Support,Active
11,Kavya Rossi,kavya.rossi@example.com,Admin,Active
12,Liam Kim,liam.kim@example.com,Editor,Pending
13,Aisha Rahman,aisha.rahman@example.com,Admin,Active
14,Ben Tan,ben.tan@example.com,Editor,Active
15,Chen Garcia,chen.garcia@example.com,Viewer,Active
16,Diego Smith,diego.smith@example.com,Manager,Pending
17,Elena Kowalski,elena.kowalski@example.com,Support,Active
18,Farid Nguyen,farid.nguyen@example.com,Admin,Active
19,Grace Okafor,grace.okafor@example.com,Editor,Active
20,Hiro Silva,hiro.silva@example.com,Viewer,Pending
21,Isabel Lim,isabel.lim@example.com,Manager,Active
22,Jamal Patel,jamal.patel@example.com,Support,Active
23,Kavya Rossi,kavya.rossi@example.com,Admin,Active
24,Liam Kim,liam.kim@example.com,Editor,Pending
25,Aisha Rahman,aisha.rahman@example.com,Admin,Active
26,Ben Tan,ben.tan@example.com,Editor,Active
27,Chen Garcia,chen.garcia@example.com,Viewer,Active
28,Diego Smith,diego.smith@example.com,Manager,Pending
29,Elena Kowalski,elena.kowalski@example.com,Support,Active
30,Farid Nguyen,farid.nguyen@example.com,Admin,Active
31,Grace Okafor,grace.okafor@example.com,Editor,Active
32,Hiro Silva,hiro.silva@example.com,Viewer,Pending
33,Isabel Lim,isabel.lim@example.com,Manager,Active
34,Jamal Patel,jamal.patel@example.com,Support,Active
35,Kavya Rossi,kavya.rossi@example.com,Admin,Active
36,Liam Kim,liam.kim@example.com,Editor,Pending
37,Aisha Rahman,aisha.rahman@example.com,Admin,Active
38,Ben Tan,ben.tan@example.com,Editor,Active
39,Chen Garcia,chen.garcia@example.com,Viewer,Active
40,Diego Smith,diego.smith@example.com,Manager,Pending
41,Elena Kowalski,elena.kowalski@example.com,Support,Active
42,Farid Nguyen,farid.nguyen@example.com,Admin,Active
43,Grace Okafor,grace.okafor@example.com,Editor,Active
44,Hiro Silva,hiro.silva@example.com,Viewer,Pending
45,Isabel Lim,isabel.lim@example.com,Manager,Active
46,Jamal Patel,jamal.patel@example.com,Support,Active
47,Kavya Rossi,kavya.rossi@example.com,Admin,Active
48,Liam Kim,liam.kim@example.com,Editor,Pending
49,Aisha Rahman,aisha.rahman@example.com,Admin,Active
50,Ben Tan,ben.tan@example.com,Editor,Active
51,Chen Garcia,chen.garcia@example.com,Viewer,Active
52,Diego Smith,diego.smith@example.com,Manager,Pending
53,Elena Kowalski,elena.kowalski@example.com,Support,Active
54,Farid Nguyen,farid.nguyen@example.com,Admin,Active
55,Grace Okafor,grace.okafor@example.com,Editor,Active
56,Hiro Silva,hiro.silva@example.com,Viewer,Pending
57,Isabel Lim,isabel.lim@example.com,Manager,Active
58,Jamal Patel,jamal.patel@example.com,Support,Active
59,Kavya Rossi,kavya.rossi@example.com,Admin,Active
60,Liam Kim,liam.kim@example.com,Editor,Pending
61,Aisha Rahman,aisha.rahman@example.com,Admin,Active
62,Ben Tan,ben.tan@example.com,Editor,Active
63,Chen Garcia,chen.garcia@example.com,Viewer,Active
64,Diego Smith,diego.smith@example.com,Manager,Pending
65,Elena Kowalski,elena.kowalski@example.com,Support,Active
66,Farid Nguyen,farid.nguyen@example.com,Admin,Active
67,Grace Okafor,grace.okafor@example.com,Editor,Active
68,Hiro Silva,hiro.silva@example.com,Viewer,Pending
69,Isabel Lim,isabel.lim@example.com,Manager,Active
70,Jamal Patel,jamal.patel@example.com,Support,Active
71,Kavya Rossi,kavya.rossi@example.com,Admin,Active
72,Liam Kim,liam.kim@example.com,Editor,Pending
73,Aisha Rahman,aisha.rahman@example.com,Admin,Active
74,Ben Tan,ben.tan@example.com,Editor,Active
75,Chen Garcia,chen.garcia@example.com,Viewer,Active
76,Diego Smith,diego.smith@example.com,Manager,Pending
77,Elena Kowalski,elena.kowalski@example.com,Support,Active
78,Farid Nguyen,farid.nguyen@example.com,Admin,Active
79,Grace Okafor,grace.okafor@example.com,Editor,Active
80,Hiro Silva,hiro.silva@example.com,Viewer,Pending
81,Isabel Lim,isabel.lim@example.com,Manager,Active
82,Jamal Patel,jamal.patel@example.com,Support,Active
83,Kavya Rossi,kavya.rossi@example.com,Admin,Active
84,Liam Kim,liam.kim@example.com,Editor,Pending
85,Aisha Rahman,aisha.rahman@example.com,Admin,Active
86,Ben Tan,ben.tan@example.com,Editor,Active
87,Chen Garcia,chen.garcia@example.com,Viewer,Active
88,Diego Smith,diego.smith@example.com,Manager,Pending
89,Elena Kowalski,elena.kowalski@example.com,Support,Active
90,Farid Nguyen,farid.nguyen@example.com,Admin,Active
91,Grace Okafor,grace.okafor@example.com,Editor,Active
92,Hiro Silva,hiro.silva@example.com,Viewer,Pending
93,Isabel Lim,isabel.lim@example.com,Manager,Active
94,Jamal Patel,jamal.patel@example.com,Support,Active
95,Kavya Rossi,kavya.rossi@example.com,Admin,Active
96,Liam Kim,liam.kim@example.com,Editor,Pending
97,Aisha Rahman,aisha.rahman@example.com,Admin,Active
98,Ben Tan,ben.tan@example.com,Editor,Active
99,Chen Garcia,chen.garcia@example.com,Viewer,Active
100,Diego Smith,diego.smith@example.com,Manager,Pending
101,Elena Kowalski,elena.kowalski@example.com,Support,Active
102,Farid Nguyen,farid.nguyen@example.com,Admin,Active
103,Grace Okafor,grace.okafor@example.com,Editor,Active
104,Hiro Silva,hiro.silva@example.com,Viewer,Pending
105,Isabel Lim,isabel.lim@example.com,Manager,Active
106,Jamal Patel,jamal.patel@example.com,Support,Active
107,Kavya Rossi,kavya.rossi@example.com,Admin,Active
108,Liam Kim,liam.kim@example.com,Editor,Pending
109,Aisha Rahman,aisha.rahman@example.com,Admin,Active
110,Ben Tan,ben.tan@example.com,Editor,Active
111,Chen Garcia,chen.garcia@example.com,Viewer,Active
112,Diego Smith,diego.smith@example.com,Manager,Pending
113,Elena Kowalski,elena.kowalski@example.com,Support,Active
114,Farid Nguyen,farid.nguyen@example.com,Admin,Active
115,Grace Okafor,grace.okafor@example.com,Editor,Active
116,Hiro Silva,hiro.silva@example.com,Viewer,Pending
117,Isabel Lim,isabel.lim@example.com,Manager,Active
118,Jamal Patel,jamal.patel@example.com,Support,Active
119,Kavya Rossi,kavya.rossi@example.com,Admin,Active
120,Liam Kim,liam.kim@example.com,Editor,Pending
121,Aisha Rahman,aisha.rahman@example.com,Admin,Active
122,Ben Tan,ben.tan@example.com,Editor,Active
123,Chen Garcia,chen.garcia@example.com,Viewer,Active
124,Diego Smith,diego.smith@example.com,Manager,Pending
125,Elena Kowalski,elena.kowalski@example.com,Support,Active
126,Farid Nguyen,farid.nguyen@example.com,Admin,Active
127,Grace Okafor,grace.okafor@example.com,Editor,Active
128,Hiro Silva,hiro.silva@example.com,Viewer,Pending
129,Isabel Lim,isabel.lim@example.com,Manager,Active
130,Jamal Patel,jamal.patel@example.com,Support,Active
131,Kavya Rossi,kavya.rossi@example.com,Admin,Active
132,Liam Kim,liam.kim@example.com,Editor,Pending
133,Aisha Rahman,aisha.rahman@example.com,Admin,Active
134,Ben Tan,ben.tan@example.com,Editor,Active
135,Chen Garcia,chen.garcia@example.com,Viewer,Active
136,Diego Smith,diego.smith@example.com,Manager,Pending
137,Elena Kowalski,elena.kowalski@example.com,Support,Active
138,Farid Nguyen,farid.nguyen@example.com,Admin,Active
139,Grace Okafor,grace.okafor@example.com,Editor,Active
140,Hiro Silva,hiro.silva@example.com,Viewer,Pending
141,Isabel Lim,isabel.lim@example.com,Manager,Active
142,Jamal Patel,jamal.patel@example.com,Support,Active
143,Kavya Rossi,kavya.rossi@example.com,Admin,Active
144,Liam Kim,liam.kim@example.com,Editor,Pending
145,Aisha Rahman,aisha.rahman@example.com,Admin,Active
146,Ben Tan,ben.tan@example.com,Editor,Active
147,Chen Garcia,chen.garcia@example.com,Viewer,Active
148,Diego Smith,diego.smith@example.com,Manager,Pending
149,Elena Kowalski,elena.kowalski@example.com,Support,Active
150,Farid Nguyen,farid.nguyen@example.com,Admin,Active
151,Grace Okafor,grace.okafor@example.com,Editor,Active
152,Hiro Silva,hiro.silva@example.com,Viewer,Pending
153,Isabel Lim,isabel.lim@example.com,Manager,Active
154,Jamal Patel,jamal.patel@example.com,Support,Active
155,Kavya Rossi,kavya.rossi@example.com,Admin,Active
156,Liam Kim,liam.kim@example.com,Editor,Pending
157,Aisha Rahman,aisha.rahman@example.com,Admin,Active
158,Ben Tan,ben.tan@example.com,Editor,Active
159,Chen Garcia,chen.garcia@example.com,Viewer,Active
160,Diego Smith,diego.smith@example.com,Manager,Pending
161,Elena Kowalski,elena.kowalski@example.com,Support,Active
162,Farid Nguyen,farid.nguyen@example.com,Admin,Active
163,Grace Okafor,grace.okafor@example.com,Editor,Active
164,Hiro Silva,hiro.silva@example.com,Viewer,Pending
165,Isabel Lim,isabel.lim@example.com,Manager,Active
166,Jamal Patel,jamal.patel@example.com,Support,Active
167,Kavya Rossi,kavya.rossi@example.com,Admin,Active
168,Liam Kim,liam.kim@example.com,Editor,Pending
169,Aisha Rahman,aisha.rahman@example.com,Admin,Active
170,Ben Tan,ben.tan@example.com,Editor,Active
171,Chen Garcia,chen.garcia@example.com,Viewer,Active
172,Diego Smith,diego.smith@example.com,Manager,Pending
173,Elena Kowalski,elena.kowalski@example.com,Support,Active
174,Farid Nguyen,farid.nguyen@example.com,Admin,Active
175,Grace Okafor,grace.okafor@example.com,Editor,Active
176,Hiro Silva,hiro.silva@example.com,Viewer,Pending
177,Isabel Lim,isabel.lim@example.com,Manager,Active
178,Jamal Patel,jamal.patel@example.com,Support,Active
179,Kavya Rossi,kavya.rossi@example.com,Admin,Active
180,Liam Kim,liam.kim@example.com,Editor,Pending
181,Aisha Rahman,aisha.rahman@example.com,Admin,Active
182,Ben Tan,ben.tan@example.com,Editor,Active
183,Chen Garcia,chen.garcia@example.com,Viewer,Active
184,Diego Smith,diego.smith@example.com,Manager,Pending
185,Elena Kowalski,elena.kowalski@example.com,Support,Active
186,Farid Nguyen,farid.nguyen@example.com,Admin,Active
187,Grace Okafor,grace.okafor@example.com,Editor,Active
188,Hiro Silva,hiro.silva@example.com,Viewer,Pending
189,Isabel Lim,isabel.lim@example.com,Manager,Active
190,Jamal Patel,jamal.patel@example.com,Support,Active
191,Kavya Rossi,kavya.rossi@example.com,Admin,Active
192,Liam Kim,liam.kim@example.com,Editor,Pending
193,Aisha Rahman,aisha.rahman@example.com,Admin,Active
194,Ben Tan,ben.tan@example.com,Editor,Active
195,Chen Garcia,chen.garcia@example.com,Viewer,Active
196,Diego Smith,diego.smith@example.com,Manager,Pending
197,Elena Kowalski,elena.kowalski@example.com,Support,Active
198,Farid Nguyen,farid.nguyen@example.com,Admin,Active
199,Grace Okafor,grace.okafor@example.com,Editor,Active
200,Hiro Silva,hiro.silva@example.com,Viewer,Pending
201,Isabel Lim,isabel.lim@example.com,Manager,Active
202,Jamal Patel,jamal.patel@example.com,Support,Active
203,Kavya Rossi,kavya.rossi@example.com,Admin,Active
204,Liam Kim,liam.kim@example.com,Editor,Pending
205,Aisha Rahman,aisha.rahman@example.com,Admin,Active
206,Ben Tan,ben.tan@example.com,Editor,Active
207,Chen Garcia,chen.garcia@example.com,Viewer,Active
208,Diego Smith,diego.smith@example.com,Manager,Pending
209,Elena Kowalski,elena.kowalski@example.com,Support,Active
210,Farid Nguyen,farid.nguyen@example.com,Admin,Active
211,Grace Okafor,grace.okafor@example.com,Editor,Active
212,Hiro Silva,hiro.silva@example.com,Viewer,Pending
213,Isabel Lim,isabel.lim@example.com,Manager,Active
214,Jamal Patel,jamal.patel@example.com,Support,Active
215,Kavya Rossi,kavya.rossi@example.com,Admin,Active
216,Liam Kim,liam.kim@example.com,Editor,Pending
217,Aisha Rahman,aisha.rahman@example.com,Admin,Active
218,Ben Tan,ben.tan@example.com,Editor,Active
219,Chen Garcia,chen.garcia@example.com,Viewer,Active
220,Diego Smith,diego.smith@example.com,Manager,Pending
221,Elena Kowalski,elena.kowalski@example.com,Support,Active
222,Farid Nguyen,farid.nguyen@example.com,Admin,Active
223,Grace Okafor,grace.okafor@example.com,Editor,Active
224,Hiro Silva,hiro.silva@example.com,Viewer,Pending
225,Isabel Lim,isabel.lim@example.com,Manager,Active
226,Jamal Patel,jamal.patel@example.com,Support,Active
227,Kavya Rossi,kavya.rossi@example.com,Admin,Active
228,Liam Kim,liam.kim@example.com,Editor,Pending
229,Aisha Rahman,aisha.rahman@example.com,Admin,Active
230,Ben Tan,ben.tan@example.com,Editor,Active
231,Chen Garcia,chen.garcia@example.com,Viewer,Active
232,Diego Smith,diego.smith@example.com,Manager,Pending
233,Elena Kowalski,elena.kowalski@example.com,Support,Active
234,Farid Nguyen,farid.nguyen@example.com,Admin,Active
235,Grace Okafor,grace.okafor@example.com,Editor,Active
236,Hiro Silva,hiro.silva@example.com,Viewer,Pending
237,Isabel Lim,isabel.lim@example.com,Manager,Active
238,Jamal Patel,jamal.patel@example.com,Support,Active
239,Kavya Rossi,kavya.rossi@example.com,Admin,Active
240,Liam Kim,liam.kim@example.com,Editor,Pending
241,Aisha Rahman,aisha.rahman@example.com,Admin,Active
242,Ben Tan,ben.tan@example.com,Editor,Active
243,Chen Garcia,chen.garcia@example.com,Viewer,Active
244,Diego Smith,diego.smith@example.com,Manager,Pending
245,Elena Kowalski,elena.kowalski@example.com,Support,Active
246,Farid Nguyen,farid.nguyen@example.com,Admin,Active
247,Grace Okafor,grace.okafor@example.com,Editor,Active
248,Hiro Silva,hiro.silva@example.com,Viewer,Pending
249,Isabel Lim,isabel.lim@example.com,Manager,Active
250,Jamal Patel,jamal.patel@example.com,Support,Active
251,Kavya Rossi,kavya.rossi@example.com,Admin,Active
252,Liam Kim,liam.kim@example.com,Editor,Pending
253,Aisha Rahman,aisha.rahman@example.com,Admin,Active
254,Ben Tan,ben.tan@example.com,Editor,Active
255,Chen Garcia,chen.garcia@example.com,Viewer,Active
256,Diego Smith,diego.smith@example.com,Manager,Pending
257,Elena Kowalski,elena.kowalski@example.com,Support,Active
258,Farid Nguyen,farid.nguyen@example.com,Admin,Active
259,Grace Okafor,grace.okafor@example.com,Editor,Active
260,Hiro Silva,hiro.silva@example.com,Viewer,Pending
261,Isabel Lim,isabel.lim@example.com,Manager,Active
262,Jamal Patel,jamal.patel@example.com,Support,Active
263,Kavya Rossi,kavya.rossi@example.com,Admin,Active
264,Liam Kim,liam.kim@example.com,Editor,Pending
265,Aisha Rahman,aisha.rahman@example.com,Admin,Active
266,Ben Tan,ben.tan@example.com,Editor,Active
267,Chen Garcia,chen.garcia@example.com,Viewer,Active
268,Diego Smith,diego.smith@example.com,Manager,Pending
269,Elena Kowalski,elena.kowalski@example.com,Support,Active
270,Farid Nguyen,farid.nguyen@example.com,Admin,Active
271,Grace Okafor,grace.okafor@example.com,Editor,Active
272,Hiro Silva,hiro.silva@example.com,Viewer,Pending
273,Isabel Lim,isabel.lim@example.com,Manager,Active
274,Jamal Patel,jamal.patel@example.com,Support,Active
275,Kavya Rossi,kavya.rossi@example.com,Admin,Active
276,Liam Kim,liam.kim@example.com,Editor,Pending
277,Aisha Rahman,aisha.rahman@example.com,Admin,Active
278,Ben Tan,ben.tan@example.com,Editor,Active
279,Chen Garcia,chen.garcia@example.com,Viewer,Active
280,Diego Smith,diego.smith@example.com,Manager,Pending
281,Elena Kowalski,elena.kowalski@example.com,Support,Active
282,Farid Nguyen,farid.nguyen@example.com,Admin,Active
283,Grace Okafor,grace.okafor@example.com,Editor,Active
284,Hiro Silva,hiro.silva@example.com,Viewer,Pending
285,Isabel Lim,isabel.lim@example.com,Manager,Active
286,Jamal Patel,jamal.patel@example.com,Support,Active
287,Kavya Rossi,kavya.rossi@example.com,Admin,Active
288,Liam Kim,liam.kim@example.com,Editor,Pending
289,Aisha Rahman,aisha.rahman@example.com,Admin,Active
290,Ben Tan,ben.tan@example.com,Editor,Active
291,Chen Garcia,chen.garcia@example.com,Viewer,Active
292,Diego Smith,diego.smith@example.com,Manager,Pending
293,Elena Kowalski,elena.kowalski@example.com,Support,Active
294,Farid Nguyen,farid.nguyen@example.com,Admin,Active
295,Grace Okafor,grace.okafor@example.com,Editor,Active
296,Hiro Silva,hiro.silva@example.com,Viewer,Pending
297,Isabel Lim,isabel.lim@example.com,Manager,Active
298,Jamal Patel,jamal.patel@example.com,Support,Active
299,Kavya Rossi,kavya.rossi@example.com,Admin,Active
300,Liam Kim,liam.kim@example.com,Editor,Pending
301,Aisha Rahman,aisha.rahman@example.com,Admin,Active
302,Ben Tan,ben.tan@example.com,Editor,Active
303,Chen Garcia,chen.garcia@example.com,Viewer,Active
304,Diego Smith,diego.smith@example.com,Manager,Pending
305,Elena Kowalski,elena.kowalski@example.com,Support,Active
306,Farid Nguyen,farid.nguyen@example.com,Admin,Active
307,Grace Okafor,grace.okafor@example.com,Editor,Active
308,Hiro Silva,hiro.silva@example.com,Viewer,Pending
309,Isabel Lim,isabel.lim@example.com,Manager,Active
310,Jamal Patel,jamal.patel@example.com,Support,Active
311,Kavya Rossi,kavya.rossi@example.com,Admin,Active
312,Liam Kim,liam.kim@example.com,Editor,Pending
313,Aisha Rahman,aisha.rahman@example.com,Admin,Active
314,Ben Tan,ben.tan@example.com,Editor,Active
315,Chen Garcia,chen.garcia@example.com,Viewer,Active
316,Diego Smith,diego.smith@example.com,Manager,Pending
317,Elena Kowalski,elena.kowalski@example.com,Support,Active
318,Farid Nguyen,farid.nguyen@example.com,Admin,Active
319,Grace Okafor,grace.okafor@example.com,Editor,Active
320,Hiro Silva,hiro.silva@example.com,Viewer,Pending
321,Isabel Lim,isabel.lim@example.com,Manager,Active
322,Jamal Patel,jamal.patel@example.com,Support,Active
323,Kavya Rossi,kavya.rossi@example.com,Admin,Active
324,Liam Kim,liam.kim@example.com,Editor,Pending
325,Aisha Rahman,aisha.rahman@example.com,Admin,Active
326,Ben Tan,ben.tan@example.com,Editor,Active
327,Chen Garcia,chen.garcia@example.com,Viewer,Active
328,Diego Smith,diego.smith@example.com,Manager,Pending
329,Elena Kowalski,elena.kowalski@example.com,Support,Active
330,Farid Nguyen,farid.nguyen@example.com,Admin,Active
331,Grace Okafor,grace.okafor@example.com,Editor,Active
332,Hiro Silva,hiro.silva@example.com,Viewer,Pending
333,Isabel Lim,isabel.lim@example.com,Manager,Active
334,Jamal Patel,jamal.patel@example.com,Support,Active
335,Kavya Rossi,kavya.rossi@example.com,Admin,Active
336,Liam Kim,liam.kim@example.com,Editor,Pending
337,Aisha Rahman,aisha.rahman@example.com,Admin,Active
338,Ben Tan,ben.tan@example.com,Editor,Active
339,Chen Garcia,chen.garcia@example.com,Viewer,Active
340,Diego Smith,diego.smith@example.com,Manager,Pending
341,Elena Kowalski,elena.kowalski@example.com,Support,Active
342,Farid Nguyen,farid.nguyen@example.com,Admin,Active
343,Grace Okafor,grace.okafor@example.com,Editor,Active
344,Hiro Silva,hiro.silva@example.com,Viewer,Pending
345,Isabel Lim,isabel.lim@example.com,Manager,Active
346,Jamal Patel,jamal.patel@example.com,Support,Active
347,Kavya Rossi,kavya.rossi@example.com,Admin,Active
348,Liam Kim,liam.kim@example.com,Editor,Pending
349,Aisha Rahman,aisha.rahman@example.com,Admin,Active
350,Ben Tan,ben.tan@example.com,Editor,Active
351,Chen Garcia,chen.garcia@example.com,Viewer,Active
352,Diego Smith,diego.smith@example.com,Manager,Pending
353,Elena Kowalski,elena.kowalski@example.com,Support,Active
354,Farid Nguyen,farid.nguyen@example.com,Admin,Active
355,Grace Okafor,grace.okafor@example.com,Editor,Active
356,Hiro Silva,hiro.silva@example.com,Viewer,Pending
357,Isabel Lim,isabel.lim@example.com,Manager,Active
358,Jamal Patel,jamal.patel@example.com,Support,Active
359,Kavya Rossi,kavya.rossi@example.com,Admin,Active
360,Liam Kim,liam.kim@example.com,Editor,Pending
361,Aisha Rahman,aisha.rahman@example.com,Admin,Active
362,Ben Tan,ben.tan@example.com,Editor,Active
363,Chen Garcia,chen.garcia@example.com,Viewer,Active
364,Diego Smith,diego.smith@example.com,Manager,Pending
365,Elena Kowalski,elena.kowalski@example.com,Support,Active
366,Farid Nguyen,farid.nguyen@example.com,Admin,Active
367,Grace Okafor,grace.okafor@example.com,Editor,Active
368,Hiro Silva,hiro.silva@example.com,Viewer,Pending
369,Isabel Lim,isabel.lim@example.com,Manager,Active
370,Jamal Patel,jamal.patel@example.com,Support,Active
371,Kavya Rossi,kavya.rossi@example.com,Admin,Active
372,Liam Kim,liam.kim@example.com,Editor,Pending
373,Aisha Rahman,aisha.rahman@example.com,Admin,Active
374,Ben Tan,ben.tan@example.com,Editor,Active
375,Chen Garcia,chen.garcia@example.com,Viewer,Active
376,Diego Smith,diego.smith@example.com,Manager,Pending
377,Elena Kowalski,elena.kowalski@example.com,Support,Active
378,Farid Nguyen,farid.nguyen@example.com,Admin,Active
379,Grace Okafor,grace.okafor@example.com,Editor,Active
380,Hiro Silva,hiro.silva@example.com,Viewer,Pending
381,Isabel Lim,isabel.lim@example.com,Manager,Active
382,Jamal Patel,jamal.patel@example.com,Support,Active
383,Kavya Rossi,kavya.rossi@example.com,Admin,Active
384,Liam Kim,liam.kim@example.com,Editor,Pending
385,Aisha Rahman,aisha.rahman@example.com,Admin,Active
386,Ben Tan,ben.tan@example.com,Editor,Active
387,Chen Garcia,chen.garcia@example.com,Viewer,Active
388,Diego Smith,diego.smith@example.com,Manager,Pending
389,Elena Kowalski,elena.kowalski@example.com,Support,Active
390,Farid Nguyen,farid.nguyen@example.com,Admin,Active
391,Grace Okafor,grace.okafor@example.com,Editor,Active
392,Hiro Silva,hiro.silva@example.com,Viewer,Pending
393,Isabel Lim,isabel.lim@example.com,Manager,Active
394,Jamal Patel,jamal.patel@example.com,Support,Active
395,Kavya Rossi,kavya.rossi@example.com,Admin,Active
396,Liam Kim,liam.kim@example.com,Editor,Pending
397,Aisha Rahman,aisha.rahman@example.com,Admin,Active
398,Ben Tan,ben.tan@example.com,Editor,Active
399,Chen Garcia,chen.garcia@example.com,Viewer,Active
400,Diego Smith,diego.smith@example.com,Manager,Pending
